Player_Player,Player_Player
kareem abdul-jabbar,kareem abdul-jabbar
mark acres,mark acres
alvan adams,alvan adams
michael adams,michael adams
mark aguirre,mark aguirre
danny ainge,danny ainge
mark alarie,mark alarie
steve alford,steve alford
greg anderson,greg anderson
ron anderson,ron anderson
john bagley,john bagley
james bailey,james bailey
thurl bailey,thurl bailey
charles barkley,charles barkley
john battle,john battle
william bedford,william bedford
benoit benjamin,benoit benjamin
kent benson,kent benson
walter berry,walter berry
larry bird,larry bird
otis birdsong,otis birdsong
uwe blab,uwe blab
rolando blackman,rolando blackman
muggsy bogues,muggsy bogues
manute bol,manute bol
randy breuer,randy breuer
frank brickowski,frank brickowski
michael brooks,michael brooks
mike brown,mike brown
steve burtt,steve burtt
michael cage,michael cage
tony campbell,tony campbell
rick carlisle,rick carlisle
antoine carr,antoine carr
bill cartwright,bill cartwright
terry catledge,terry catledge
tom chambers,tom chambers
maurice cheeks,maurice cheeks
dallas comegys,dallas comegys
lester conner,lester conner
jeff cook,jeff cook
michael cooper,michael cooper
wayne cooper,wayne cooper
dave corzine,dave corzine
winston crite,winston crite
pat cummings,pat cummings
terry cummings,terry cummings
earl cureton,earl cureton
dell curry,dell curry
quintin dailey,quintin dailey
adrian dantley,adrian dantley
brad daugherty,brad daugherty
brad davis,brad davis
walter davis,walter davis
johnny dawkins,johnny dawkins
james donaldson,james donaldson
greg dreiling,greg dreiling
larry drew,larry drew
clyde drexler,clyde drexler
kevin duckworth,kevin duckworth
chris dudley,chris dudley
joe dumars,joe dumars
t.r. dunn,t.r. dunn
mark eaton,mark eaton
craig ehlo,craig ehlo
dale ellis,dale ellis
chris engler,chris engler
alex english,alex english
mike evans,mike evans
patrick ewing,patrick ewing
jim farmer,jim farmer
dave feitl,dave feitl
vern fleming,vern fleming
tellis frank,tellis frank
world b. free,world b. free
winston garland,winston garland
armen gilliam,armen gilliam
horace grant,horace grant
stuart gray,stuart gray
a.c. green,a.c. green
rickey green,rickey green
sidney green,sidney green
dave greenwood,dave greenwood
claude gregory,claude gregory
darrell griffith,darrell griffith
petur gudmundsson,petur gudmundsson
bob hansen,bob hansen
bill hanzlik,bill hanzlik
derek harper,derek harper
ron harper,ron harper
scott hastings,scott hastings
dave henderson,dave henderson
rod higgins,rod higgins
mike holton,mike holton
dennis hopson,dennis hopson
jeff hornacek,jeff hornacek
phil hubbard,phil hubbard
marc iavaroni,marc iavaroni
mark jackson,mark jackson
michael jackson,michael jackson
buck johnson,buck johnson
clemon johnson,clemon johnson
dennis johnson,dennis johnson
eddie johnson,eddie johnson
frank johnson,frank johnson
magic johnson,magic johnson
steve johnson,steve johnson
vinnie johnson,vinnie johnson
caldwell jones,caldwell jones
michael jordan,michael jordan
jerome kersey,jerome kersey
albert king,albert king
bernard king,bernard king
joe kleine,joe kleine
bart kofoed,bart kofoed
jon koncak,jon koncak
larry krystkowiak,larry krystkowiak
bill laimbeer,bill laimbeer
jeff lamp,jeff lamp
allen leavell,allen leavell
fat lever,fat lever
cliff levingston,cliff levingston
ralph lewis,ralph lewis
reggie lewis,reggie lewis
alton lister,alton lister
brad lohaus,brad lohaus
john long,john long
john lucas,john lucas
maurice lucas,maurice lucas
rick mahorn,rick mahorn
jeff malone,jeff malone
karl malone,karl malone
moses malone,moses malone
maurice martin,maurice martin
wes matthews,wes matthews
cedric maxwell,cedric maxwell
rodney mccray,rodney mccray
xavier mcdaniel,xavier mcdaniel
ben mcdonald,ben mcdonald
kevin mchale,kevin mchale
kevin mckenna,kevin mckenna
derrick mckey,derrick mckey
nate mcmillan,nate mcmillan
mark mcnamara,mark mcnamara
reggie miller,reggie miller
mike mitchell,mike mitchell
paul mokeski,paul mokeski
sidney moncrief,sidney moncrief
chris mullin,chris mullin
jay murphy,jay murphy
ronnie murphy,ronnie murphy
pete myers,pete myers
calvin natt,calvin natt
ed nealy,ed nealy
chuck nevitt,chuck nevitt
johnny newman,johnny newman
kurt nimphius,kurt nimphius
ken norman,ken norman
mike o'koren,mike o'koren
charles oakley,charles oakley
hakeem olajuwon,hakeem olajuwon
jawann oldham,jawann oldham
louis orr,louis orr
robert parish,robert parish
john paxson,john paxson
sam perkins,sam perkins
chuck person,chuck person
jim petersen,jim petersen
ricky pierce,ricky pierce
ed pinckney,ed pinckney
scottie pippen,scottie pippen
olden polynice,olden polynice
terry porter,terry porter
paul pressey,paul pressey
harold pressley,harold pressley
mark price,mark price
kurt rambis,kurt rambis
blair rasmussen,blair rasmussen
robert reid,robert reid
jerry reynolds,jerry reynolds
doc rivers,doc rivers
fred roberts,fred roberts
alvin robertson,alvin robertson
cliff robinson,cliff robinson
dennis rodman,dennis rodman
johnny rogers,johnny rogers
tree rollins,tree rollins
scott roth,scott roth
john salley,john salley
danny schayes,danny schayes
russ schoene,russ schoene
detlef schrempf,detlef schrempf
byron scott,byron scott
brad sellers,brad sellers
purvis short,purvis short
jack sikma,jack sikma
scott skiles,scott skiles
derek smith,derek smith
kenny smith,kenny smith
larry smith,larry smith
mike smrek,mike smrek
steve stipanovich,steve stipanovich
john stockton,john stockton
john stroeder,john stroeder
jon sundvold,jon sundvold
roy tarpley,roy tarpley
terry teagle,terry teagle
reggie theus,reggie theus
isiah thomas,isiah thomas
bernard thompson,bernard thompson
billy thompson,billy thompson
lasalle thompson,lasalle thompson
mychal thompson,mychal thompson
otis thorpe,otis thorpe
wayman tisdale,wayman tisdale
andrew toney,andrew toney
sedric toney,sedric toney
kelly tripucka,kelly tripucka
trent tucker,trent tucker
andre turner,andre turner
elston turner,elston turner
melvin turpin,melvin turpin
terry tyler,terry tyler
darnell valentine,darnell valentine
kiki vandeweghe,kiki vandeweghe
jay vincent,jay vincent
danny vranes,danny vranes
milt wagner,milt wagner
granville waiters,granville waiters
darrell walker,darrell walker
kenny walker,kenny walker
duane washington,duane washington
pearl washington,pearl washington
spud webb,spud webb
chris welp,chris welp
bill wennington,bill wennington
clinton wheeler,clinton wheeler
eric white,eric white
jerome whitehead,jerome whitehead
dominique wilkins,dominique wilkins
gerald wilkins,gerald wilkins
buck williams,buck williams
herb williams,herb williams
hot rod williams,hot rod williams
john williams,john williams
kevin williams,kevin williams
reggie williams,reggie williams
kevin willis,kevin willis
david wingate,david wingate
randy wittman,randy wittman
joe wolf,joe wolf
mike woodson,mike woodson
orlando woolridge,orlando woolridge
james worthy,james worthy
danny young,danny young
richard anderson,richard anderson
willie anderson,willie anderson
ricky berry,ricky berry
sam bowie,sam bowie
dudley bradley,dudley bradley
adrian branch,adrian branch
scott brooks,scott brooks
mark bryant,mark bryant
greg butler,greg butler
joe barry carroll,joe barry carroll
ron cavenall,ron cavenall
rex chapman,rex chapman
derrick chievous,derrick chievous
ben coleman,ben coleman
steve colter,steve colter
tyrone corbin,tyrone corbin
charles davis,charles davis
darryl dawkins,darryl dawkins
vinny del negro,vinny del negro
fennis dembo,fennis dembo
ledell eackles,ledell eackles
james edwards,james edwards
kevin edwards,kevin edwards
wayne englestad,wayne englestad
rolando ferreira,rolando ferreira
duane ferrell,duane ferrell
sleepy floyd,sleepy floyd
anthony frederick,anthony frederick
kevin gamble,kevin gamble
tom garrick,tom garrick
ben gillery,ben gillery
mike gminski,mike gminski
grant gondrezick,grant gondrezick
ron grandison,ron grandison
gary grant,gary grant
harvey grant,harvey grant
sylvester gray,sylvester gray
jeff grayer,jeff grayer
jack haley,jack haley
hersey hawkins,hersey hawkins
gerald henderson,gerald henderson
roy hinson,roy hinson
dave hoppen,dave hoppen
tito horford,tito horford
eddie hughes,eddie hughes
jay humphries,jay humphries
avery johnson,avery johnson
kevin johnson,kevin johnson
tim kempton,tim kempton
steve kerr,steve kerr
randolph keys,randolph keys
jerome lane,jerome lane
andrew lang,andrew lang
eric leckner,eric leckner
keith lee,keith lee
jim les,jim les
grant long,grant long
dan majerle,dan majerle
danny manning,danny manning
vernon maxwell,vernon maxwell
tim mccormick,tim mccormick
mike mcgee,mike mcgee
chris morris,chris morris
larry nance,larry nance
norm nixon,norm nixon
jose ortiz,jose ortiz
jim paxson,jim paxson
will perdue,will perdue
tim perry,tim perry
mitch richmond,mitch richmond
ramon rivas,ramon rivas
david rivers,david rivers
brian rowsom,brian rowsom
ralph sampson,ralph sampson
mike sanders,mike sanders
rony seikaly,rony seikaly
charles shackleford,charles shackleford
john shasky,john shasky
brian shaw,brian shaw
jerry sichting,jerry sichting
charles smith,charles smith
otis smith,otis smith
rik smits,rik smits
rory sparrow,rory sparrow
john starks,john starks
everette stephens,everette stephens
rod strickland,rod strickland
anthony taylor,anthony taylor
bob thornton,bob thornton
sedale threatt,sedale threatt
ray tolbert,ray tolbert
tom tolbert,tom tolbert
sam vincent,sam vincent
mark west,mark west
morlon wiley,morlon wiley
eddie lee wilkins,eddie lee wilkins
micheal williams,micheal williams
sean elliott,sean elliott
pervis ellison,pervis ellison
stacey king,stacey king
sarunas marciulionis,sarunas marciulionis
drazen petrovic,drazen petrovic
j.r. reid,j.r. reid
glen rice,glen rice
david robinson,david robinson
alaa abdelnaby,alaa abdelnaby
mahmoud abdul-rauf,mahmoud abdul-rauf
nick anderson,nick anderson
michael ansley,michael ansley
b.j. armstrong,b.j. armstrong
keith askins,keith askins
milos babic,milos babic
ken bannister,ken bannister
dana barros,dana barros
winston bennett,winston bennett
lance blanks,lance blanks
mookie blaylock,mookie blaylock
chucky brown,chucky brown
dee brown,dee brown
jud buechler,jud buechler
matt bullard,matt bullard
willie burton,willie burton
adrian caldwell,adrian caldwell
rick calloway,rick calloway
elden campbell,elden campbell
duane causwell,duane causwell
cedric ceballos,cedric ceballos
richard coffey,richard coffey
derrick coleman,derrick coleman
bimbo coles,bimbo coles
anthony cook,anthony cook
terry davis,terry davis
vlade divac,vlade divac
sherman douglas,sherman douglas
blue edwards,blue edwards
a.j. english,a.j. english
danny ferry,danny ferry
greg foster,greg foster
kenny gattison,kenny gattison
tate george,tate george
derrick gervin,derrick gervin
kendall gill,kendall gill
gerald glass,gerald glass
jim grandholm,jim grandholm
greg grant,greg grant
scott haffner,scott haffner
tom hammonds,tom hammonds
tim hardaway,tim hardaway
steve henson,steve henson
sean higgins,sean higgins
tyrone hill,tyrone hill
craig hodges,craig hodges
byron irvin,byron irvin
dave jamerson,dave jamerson
henry james,henry james
les jepsen,les jepsen
charles jones,charles jones
shawn kemp,shawn kemp
alec kessler,alec kessler
bo kimble,bo kimble
greg kite,greg kite
negele knight,negele knight
frank kornet,frank kornet
kurk lee,kurk lee
gary leonard,gary leonard
marcus liberty,marcus liberty
todd lichti,todd lichti
ian lockhart,ian lockhart
jeff martin,jeff martin
tony massenburg,tony massenburg
travis mays,travis mays
george mccloud,george mccloud
scott meents,scott meents
sam mitchell,sam mitchell
john morton,john morton
tod murphy,tod murphy
jerrod mustaf,jerrod mustaf
alan ogg,alan ogg
brian oliver,brian oliver
gerald paddio,gerald paddio
walter palmer,walter palmer
kenny payne,kenny payne
gary payton,gary payton
dave popson,dave popson
kevin pritchard,kevin pritchard
brian quinnett,brian quinnett
pooh richardson,pooh richardson
clifford robinson,clifford robinson
rumeal robinson,rumeal robinson
delaney rudd,delaney rudd
steve scheffler,steve scheffler
dwayne schintzius,dwayne schintzius
dennis scott,dennis scott
lionel simmons,lionel simmons
michael smith,michael smith
tony smith,tony smith
felton spencer,felton spencer
irving thomas,irving thomas
andy toolson,andy toolson
jeff turner,jeff turner
kelvin upshaw,kelvin upshaw
loy vaught,loy vaught
stojko vrankovic,stojko vrankovic
doug west,doug west
randy white,randy white
jayson williams,jayson williams
kenny williams,kenny williams
scott williams,scott williams
kennard winchester,kennard winchester
david wood,david wood
haywoode workman,haywoode workman
a.j. wynder,a.j. wynder
rafael addison,rafael addison
victor alexander,victor alexander
kenny anderson,kenny anderson
greg anthony,greg anthony
vincent askew,vincent askew
stacey augmon,stacey augmon
isaac austin,isaac austin
david benoit,david benoit
anthony bonner,anthony bonner
terrell brandon,terrell brandon
kevin brooks,kevin brooks
myron brown,myron brown
randy brown,randy brown
pete chilcutt,pete chilcutt
marty conlon,marty conlon
tom copa,tom copa
lanard copeland,lanard copeland
corey crowder,corey crowder
dale davis,dale davis
bison dele,bison dele
patrick eddie,patrick eddie
mario elie,mario elie
leron ellis,leron ellis
rick fox,rick fox
chris gatling,chris gatling
paul graham,paul graham
sean green,sean green
carl herrera,carl herrera
donald hodge,donald hodge
mike iuzzolino,mike iuzzolino
larry johnson,larry johnson
rich king,rich king
doug lee,doug lee
luc longley,luc longley
mark macon,mark macon
anthony mason,anthony mason
bob mccann,bob mccann
terry mills,terry mills
rodney monroe,rodney monroe
eric murdock,eric murdock
dikembe mutombo,dikembe mutombo
jimmy oliver,jimmy oliver
billy owens,billy owens
keith owens,keith owens
robert pack,robert pack
stanley roberts,stanley roberts
donald royal,donald royal
doug smith,doug smith
labradford smith,labradford smith
steve smith,steve smith
larry stewart,larry stewart
lamont strothers,lamont strothers
greg sutton,greg sutton
charles thomas,charles thomas
john turner,john turner
alexander volkov,alexander volkov
ennis whatley,ennis whatley
mitchell wiggins,mitchell wiggins
eric anderson,eric anderson
anthony avent,anthony avent
steve bardo,steve bardo
jon barry,jon barry
kenny battle,kenny battle
tony bennett,tony bennett
alex blackwell,alex blackwell
ricky blanton,ricky blanton
walter bond,walter bond
anthony bowie,anthony bowie
dexter cambridge,dexter cambridge
duane cooper,duane cooper
john crotty,john crotty
radisav curcic,radisav curcic
lloyd daniels,lloyd daniels
hubert davis,hubert davis
todd day,todd day
richard dumas,richard dumas
laphonso ellis,laphonso ellis
matt geiger,matt geiger
litterial green,litterial green
tom gugliotta,tom gugliotta
jay guidinger,jay guidinger
robert horry,robert horry
byron houston,byron houston
brian howard,brian howard
stephen howard,stephen howard
jaren jackson,jaren jackson
keith jennings,keith jennings
dave johnson,dave johnson
adam keefe,adam keefe
stan kimbrough,stan kimbrough
christian laettner,christian laettner
kevin lynch,kevin lynch
sam mack,sam mack
don maclean,don maclean
marlon maxey,marlon maxey
lee mayberry,lee mayberry
oliver miller,oliver miller
harold miner,harold miner
tracy moore,tracy moore
isaiah morris,isaiah morris
alonzo mourning,alonzo mourning
tracy murray,tracy murray
shaquille o'neal,shaquille o'neal
matt othick,matt othick
doug overton,doug overton
anthony peeler,anthony peeler
bobby phills,bobby phills
gary plummer,gary plummer
brent price,brent price
anthony pullard,anthony pullard
sean rooks,sean rooks
jeff sanders,jeff sanders
malik sealy,malik sealy
chris smith,chris smith
reggie smith,reggie smith
elmore spencer,elmore spencer
latrell sprewell,latrell sprewell
bryant stith,bryant stith
gundars vetra,gundars vetra
clarence weatherspoon,clarence weatherspoon
marcus webb,marcus webb
robert werdann,robert werdann
corey williams,corey williams
walt williams,walt williams
randy woods,randy woods
howard wright,howard wright
vin baker,vin baker
corie blount,corie blount
shawn bradley,shawn bradley
p.j. brown,p.j. brown
evers burns,evers burns
scott burrell,scott burrell
mitchell butler,mitchell butler
sam cassell,sam cassell
calbert cheaney,calbert cheaney
doug christie,doug christie
chris corchiani,chris corchiani
michael curry,michael curry
antonio davis,antonio davis
brian davis,brian davis
terry dehere,terry dehere
acie earl,acie earl
doug edwards,doug edwards
greg graham,greg graham
josh grant,josh grant
anfernee hardaway,anfernee hardaway
lucious harris,lucious harris
antonio harvey,antonio harvey
scott haskin,scott haskin
allan houston,allan houston
lindsey hunter,lindsey hunter
bobby hurley,bobby hurley
jim jackson,jim jackson
ervin johnson,ervin johnson
popeye jones,popeye jones
toni kukoc,toni kukoc
tim legler,tim legler
george lynch,george lynch
malcolm mackey,malcolm mackey
gerald madkins,gerald madkins
jamal mashburn,jamal mashburn
darnell mee,darnell mee
chris mills,chris mills
gheorghe muresan,gheorghe muresan
mike peplowski,mike peplowski
richard petruska,richard petruska
dino radja,dino radja
mark randall,mark randall
isaiah rider,isaiah rider
eric riley,eric riley
james robinson,james robinson
rodney rogers,rodney rogers
bryon russell,bryon russell
derek strong,derek strong
kevin thompson,kevin thompson
nick van exel,nick van exel
rex walters,rex walters
chris webber,chris webber
matt wenstrom,matt wenstrom
david wesley,david wesley
chris whitney,chris whitney
luther wright,luther wright
derrick alston,derrick alston
sergei bazarevich,sergei bazarevich
tim breaux,tim breaux
chris childs,chris childs
bill curley,bill curley
yinka dare,yinka dare
tony dumas,tony dumas
pat durham,pat durham
harold ellis,harold ellis
jo jo english,jo jo english
matt fish,matt fish
brian grant,brian grant
andres guibert,andres guibert
geert hammink,geert hammink
darrin hancock,darrin hancock
tony harris,tony harris
grant hill,grant hill
tom hovasse,tom hovasse
juwan howard,juwan howard
askia jones,askia jones
eddie jones,eddie jones
jason kidd,jason kidd
antonio lang,antonio lang
bob martin,bob martin
jim mcilvaine,jim mcilvaine
aaron mckie,aaron mckie
anthony miller,anthony miller
greg minor,greg minor
eric mobley,eric mobley
eric montross,eric montross
dwayne morton,dwayne morton
lamond murray,lamond murray
ivano newbill,ivano newbill
julius nwosu,julius nwosu
bo outlaw,bo outlaw
elliot perry,elliot perry
wesley person,wesley person
eric piatkowski,eric piatkowski
khalid reeves,khalid reeves
glenn robinson,glenn robinson
carlos rogers,carlos rogers
jalen rose,jalen rose
clifford rozier,clifford rozier
trevor ruffin,trevor ruffin
dickey simpkins,dickey simpkins
reggie slater,reggie slater
aaron swinson,aaron swinson
zan tabak,zan tabak
brooks thompson,brooks thompson
keith tower,keith tower
anthony tucker,anthony tucker
henry turner,henry turner
b.j. tyler,b.j. tyler
fred vinson,fred vinson
charlie ward,charlie ward
jamie watson,jamie watson
aaron williams,aaron williams
lorenzo williams,lorenzo williams
monty williams,monty williams
trevor wilson,trevor wilson
dontonio wingfield,dontonio wingfield
sharone wright,sharone wright
cory alexander,cory alexander
jerome allen,jerome allen
john amaechi,john amaechi
ashraf amaya,ashraf amaya
darrell armstrong,darrell armstrong
brent barry,brent barry
mario bennett,mario bennett
travis best,travis best
donnie boyce,donnie boyce
marques bragg,marques bragg
junior burrough,junior burrough
jason caffey,jason caffey
chris carr,chris carr
randolph childress,randolph childress
john coker,john coker
joe courtney,joe courtney
rastko cvetkovic,rastko cvetkovic
sasha danilovic,sasha danilovic
mark davis,mark davis
andrew declercq,andrew declercq
dell demps,dell demps
tyus edney,tyus edney
vincenzo esposito,vincenzo esposito
michael finley,michael finley
sherell ford,sherell ford
kevin garnett,kevin garnett
alan henderson,alan henderson
fred hoiberg,fred hoiberg
chris king,chris king
frankie king,frankie king
jimmy king,jimmy king
martin lewis,martin lewis
donny marshall,donny marshall
donyell marshall,donyell marshall
clint mcdaniel,clint mcdaniel
antonio mcdyess,antonio mcdyess
loren meyer,loren meyer
lawrence moten,lawrence moten
ed o'bannon,ed o'bannon
greg ostertag,greg ostertag
cherokee parks,cherokee parks
theo ratliff,theo ratliff
eldridge recasner,eldridge recasner
bryant reeves,bryant reeves
don reid,don reid
shawn respert,shawn respert
lou roe,lou roe
stefano rusconi,stefano rusconi
arvydas sabonis,arvydas sabonis
joe smith,joe smith
eric snow,eric snow
jerry stackhouse,jerry stackhouse
damon stoudamire,damon stoudamire
bob sura,bob sura
kurt thomas,kurt thomas
gary trent,gary trent
logan vander velden,logan vander velden
david vaughn,david vaughn
rasheed wallace,rasheed wallace
eric williams,eric williams
corliss williamson,corliss williamson
george zidek,george zidek
shareef abdur-rahim,shareef abdur-rahim
ray allen,ray allen
shandon anderson,shandon anderson
mark bradtke,mark bradtke
marcus brown,marcus brown
kobe bryant,kobe bryant
marcus camby,marcus camby
erick dampier,erick dampier
ben davis,ben davis
emanual davis,emanual davis
tony delk,tony delk
howard eisley,howard eisley
brian evans,brian evans
derek fisher,derek fisher
todd fuller,todd fuller
dean garrett,dean garrett
reggie geary,reggie geary
steve hamer,steve hamer
othella harrington,othella harrington
shane heal,shane heal
mark hendrickson,mark hendrickson
allen iverson,allen iverson
chris jent,chris jent
kerry kittles,kerry kittles
travis knight,travis knight
priest lauderdale,priest lauderdale
voshon lenard,voshon lenard
randy livingston,randy livingston
matt maloney,matt maloney
stephon marbury,stephon marbury
darrick martin,darrick martin
walter mccarty,walter mccarty
amal mccaskill,amal mccaskill
steve nash,steve nash
jermaine o'neal,jermaine o'neal
ray owes,ray owes
vitaly potapenko,vitaly potapenko
chris robinson,chris robinson
roy rogers,roy rogers
malik rose,malik rose
kevin salvadori,kevin salvadori
brent scott,brent scott
james scott,james scott
shawnelle scott,shawnelle scott
erick strickland,erick strickland
mark strickland,mark strickland
brett szabo,brett szabo
carl thomas,carl thomas
antoine walker,antoine walker
samaki walker,samaki walker
ben wallace,ben wallace
john wallace,john wallace
donald whiteside,donald whiteside
jerome williams,jerome williams
lorenzen wright,lorenzen wright
tariq abdul-wahad,tariq abdul-wahad
derek anderson,derek anderson
chris anstey,chris anstey
tony battie,tony battie
corey beck,corey beck
etdrick bohannon,etdrick bohannon
keith booth,keith booth
bruce bowen,bruce bowen
kelvin cato,kelvin cato
keith closs,keith closs
james collins,james collins
james cotton,james cotton
chris crawford,chris crawford
austin croshere,austin croshere
antonio daniels,antonio daniels
tim duncan,tim duncan
tony farmer,tony farmer
jamie feick,jamie feick
danny fortson,danny fortson
adonal foyle,adonal foyle
chris garner,chris garner
anthony goldwire,anthony goldwire
ed gray,ed gray
derek grimm,derek grimm
darvin ham,darvin ham
cedric henderson,cedric henderson
jerald honeycutt,jerald honeycutt
troy hudson,troy hudson
zydrunas ilgauskas,zydrunas ilgauskas
bobby jackson,bobby jackson
anthony johnson,anthony johnson
dontae' jones,dontae' jones
reggie jordan,reggie jordan
brevin knight,brevin knight
jason lawson,jason lawson
horacio llamas grey,horacio llamas grey
tracy mcgrady,tracy mcgrady
ron mercer,ron mercer
martin muursepp,martin muursepp
jeff nordgaard,jeff nordgaard
charles o'bannon,charles o'bannon
anthony parker,anthony parker
scot pollard,scot pollard
mark pope,mark pope
rodrick rhodes,rodrick rhodes
shea seals,shea seals
god shammgod,god shammgod
joe stephens,joe stephens
kebu stewart,kebu stewart
michael stewart,michael stewart
ed stokes,ed stokes
johnny taylor,johnny taylor
maurice taylor,maurice taylor
tim thomas,tim thomas
keith van horn,keith van horn
jacque vaughn,jacque vaughn
eric washington,eric washington
bubba wells,bubba wells
dejuan wheat,dejuan wheat
travis williams,travis williams
toby bailey,toby bailey
drew barry,drew barry
corey benjamin,corey benjamin
mike bibby,mike bibby
chauncey billups,chauncey billups
gerald brown,gerald brown
rick brunson,rick brunson
cory carr,cory carr
vince carter,vince carter
keon clark,keon clark
kornel david,kornel david
ricky davis,ricky davis
michael dickerson,michael dickerson
michael doleac,michael doleac
bryce drew,bryce drew
marlon garnett,marlon garnett
pat garrity,pat garrity
andrew gaze,andrew gaze
matt harpring,matt harpring
al harrington,al harrington
michael hawkins,michael hawkins
j.r. henderson,j.r. henderson
larry hughes,larry hughes
randell jackson,randell jackson
sam jacobson,sam jacobson
jerome james,jerome james
antawn jamison,antawn jamison
adonis jordan,adonis jordan
jonathan kerner,jonathan kerner
raef lafrentz,raef lafrentz
rusty larue,rusty larue
rashard lewis,rashard lewis
felipe lopez,felipe lopez
tyronn lue,tyronn lue
sean marks,sean marks
kelly mccarty,kelly mccarty
jelani mccoy,jelani mccoy
jeff mcinnis,jeff mcinnis
roshown mcleod,roshown mcleod
marko milic,marko milic
brad miller,brad miller
cuttino mobley,cuttino mobley
nazr mohammed,nazr mohammed
makhtar n'diaye,makhtar n'diaye
tyrone nesby,tyrone nesby
moochie norris,moochie norris
dirk nowitzki,dirk nowitzki
michael olowokandi,michael olowokandi
andrae patterson,andrae patterson
ruben patterson,ruben patterson
paul pierce,paul pierce
casey shaw,casey shaw
jeffrey sheppard,jeffrey sheppard
miles simon,miles simon
brian skinner,brian skinner
ryan stack,ryan stack
vladimir stepania,vladimir stepania
bruno sundov,bruno sundov
john thomas,john thomas
robert traylor,robert traylor
bonzi wells,bonzi wells
brandon williams,brandon williams
jason williams,jason williams
trevor winter,trevor winter
korleone young,korleone young
rafer alston,rafer alston
chucky atkins,chucky atkins
william avery,william avery
jonathan bender,jonathan bender
calvin booth,calvin booth
lazaro borrell,lazaro borrell
cal bowdler,cal bowdler
ryan bowen,ryan bowen
a.j. bramlett,a.j. bramlett
elton brand,elton brand
greg buckner,greg buckner
rodney buford,rodney buford
anthony carter,anthony carter
john celestand,john celestand
vonteego cummings,vonteego cummings
baron davis,baron davis
derrick dial,derrick dial
obinna ekezie,obinna ekezie
evan eschmeyer,evan eschmeyer
jeff foster,jeff foster
steve francis,steve francis
lawrence funderburke,lawrence funderburke
kiwane garris,kiwane garris
devean george,devean george
dion glover,dion glover
devin gray,devin gray
adrian griffin,adrian griffin
richard hamilton,richard hamilton
thomas hamilton,thomas hamilton
chris herren,chris herren
derek hood,derek hood
rick hughes,rick hughes
jermaine jackson,jermaine jackson
tim james,tim james
harold jamison,harold jamison
demarco johnson,demarco johnson
jumaine jones,jumaine jones
gerard king,gerard king
trajan langdon,trajan langdon
quincy lewis,quincy lewis
todd macculloch,todd macculloch
corey maggette,corey maggette
shawn marion,shawn marion
andre miller,andre miller
jason miskiri,jason miskiri
mikki moore,mikki moore
rasho nesterovic,rasho nesterovic
lamar odom,lamar odom
kevin ollie,kevin ollie
scott padgett,scott padgett
milt palacio,milt palacio
james posey,james posey
laron profit,laron profit
aleksandar radojevic,aleksandar radojevic
ryan robertson,ryan robertson
eddie robinson,eddie robinson
michael ruffin,michael ruffin
peja stojakovic,peja stojakovic
wally szczerbiak,wally szczerbiak
jason terry,jason terry
kenny thomas,kenny thomas
wayne turner,wayne turner
jahidi white,jahidi white
alvin williams,alvin williams
shammond williams,shammond williams
dedric willoughby,dedric willoughby
metta world peace,metta world peace
tim young,tim young
dalibor bagaric,dalibor bagaric
erick barkley,erick barkley
mark blount,mark blount
earl boykins,earl boykins
brian cardinal,brian cardinal
mateen cleaves,mateen cleaves
jason collier,jason collier
jamal crawford,jamal crawford
keyon dooling,keyon dooling
khalid el-amin,khalid el-amin
marcus fizer,marcus fizer
a.j. guyton,a.j. guyton
zendon hamilton,zendon hamilton
jason hart,jason hart
donnell harvey,donnell harvey
eddie house,eddie house
marc jackson,marc jackson
stephen jackson,stephen jackson
dermarr johnson,dermarr johnson
damon jones,damon jones
lari ketner,lari ketner
dan langhi,dan langhi
mark madsen,mark madsen
jamaal magloire,jamaal magloire
kenyon martin,kenyon martin
desmond mason,desmond mason
stanislav medvedenko,stanislav medvedenko
chris mihm,chris mihm
darius miles,darius miles
mike miller,mike miller
jerome moiso,jerome moiso
hanno mottola,hanno mottola
lee nailon,lee nailon
eduardo najera,eduardo najera
ira newble,ira newble
olumide oyedeji,olumide oyedeji
mike penberthy,mike penberthy
morris peterson,morris peterson
chris porter,chris porter
lavor postell,lavor postell
joel przybilla,joel przybilla
michael redd,michael redd
quentin richardson,quentin richardson
terrance roberson,terrance roberson
jamal robinson,jamal robinson
soumaila samake,soumaila samake
daniel santiago,daniel santiago
jabari smith,jabari smith
mike smith,mike smith
deshawn stevenson,deshawn stevenson
stromile swift,stromile swift
dragan tarlac,dragan tarlac
jake tsakalidis,jake tsakalidis
hedo turkoglu,hedo turkoglu
jake voskuhl,jake voskuhl
ruben wolkowyski,ruben wolkowyski
courtney alexander,courtney alexander
malik allen,malik allen
chris andersen,chris andersen
gilbert arenas,gilbert arenas
brandon armstrong,brandon armstrong
shane battier,shane battier
raja bell,raja bell
ruben boumtje-boumtje,ruben boumtje-boumtje
ira bowman,ira bowman
michael bradley,michael bradley
jamison brewer,jamison brewer
primoz brezec,primoz brezec
damone brown,damone brown
ernest brown,ernest brown
kedrick brown,kedrick brown
kwame brown,kwame brown
tierre brown,tierre brown
tyson chandler,tyson chandler
speedy claxton,speedy claxton
jarron collins,jarron collins
jason collins,jason collins
eddy curry,eddy curry
samuel dalembert,samuel dalembert
desagana diop,desagana diop
predrag drobnjak,predrag drobnjak
maurice evans,maurice evans
alton ford,alton ford
joseph forte,joseph forte
antonis fotsis,antonis fotsis
pau gasol,pau gasol
steve goodrich,steve goodrich
eddie griffin,eddie griffin
tang hamilton,tang hamilton
trenton hassell,trenton hassell
kirk haston,kirk haston
brendan haywood,brendan haywood
steven hunter,steven hunter
richard jefferson,richard jefferson
alvin jones,alvin jones
andrei kirilenko,andrei kirilenko
art long,art long
terence morris,terence morris
troy murphy,troy murphy
mamadou n'diaye,mamadou n'diaye
dean oliver,dean oliver
tony parker,tony parker
vladimir radmanovic,vladimir radmanovic
zach randolph,zach randolph
zeljko rebraca,zeljko rebraca
jason richardson,jason richardson
larry robinson,larry robinson
jeryl sasser,jeryl sasser
kenny satterfield,kenny satterfield
brian scalabrine,brian scalabrine
bobby simmons,bobby simmons
will solomon,will solomon
etan thomas,etan thomas
jamaal tinsley,jamaal tinsley
oscar torres,oscar torres
jeff trepagnier,jeff trepagnier
ratko varda,ratko varda
gerald wallace,gerald wallace
earl watson,earl watson
rodney white,rodney white
loren woods,loren woods
wang zhizhi,wang zhizhi
robert archibald,robert archibald
carlos arroyo,carlos arroyo
mengke bateer,mengke bateer
mike batiste,mike batiste
lonny baxter,lonny baxter
carlos boozer,carlos boozer
j.r. bremer,j.r. bremer
pat burke,pat burke
caron butler,caron butler
rasual butler,rasual butler
dan dickau,dan dickau
juan dixon,juan dixon
mike dunleavy,mike dunleavy
melvin ely,melvin ely
reggie evans,reggie evans
tremaine fowlkes,tremaine fowlkes
dan gadzuric,dan gadzuric
manu ginobili,manu ginobili
marcus haislip,marcus haislip
junior harrington,junior harrington
juaquin hawkins,juaquin hawkins
nate huffman,nate huffman
casey jacobsen,casey jacobsen
mike james,mike james
marko jaric,marko jaric
chris jefferies,chris jefferies
jared jeffries,jared jeffries
joe johnson,joe johnson
ken johnson,ken johnson
fred jones,fred jones
sean lampley,sean lampley
tito maddox,tito maddox
roger mason,roger mason
yao ming,yao ming
bostjan nachbar,bostjan nachbar
mehmet okur,mehmet okur
chris owens,chris owens
jannero pargo,jannero pargo
smush parker,smush parker
tayshaun prince,tayshaun prince
igor rakocevic,igor rakocevic
efthimi rentzias,efthimi rentzias
guy rucker,guy rucker
kareem rush,kareem rush
john salmons,john salmons
jamal sampson,jamal sampson
pepe sanchez,pepe sanchez
predrag savovic,predrag savovic
ansu sesay,ansu sesay
paul shirley,paul shirley
tamar slay,tamar slay
amar'e stoudemire,amar'e stoudemire
cezary trybanski,cezary trybanski
nikoloz tskitishvili,nikoloz tskitishvili
dajuan wagner,dajuan wagner
jiri welsch,jiri welsch
chris wilcox,chris wilcox
frank williams,frank williams
jay williams,jay williams
qyntel woods,qyntel woods
vincent yarbrough,vincent yarbrough
carmelo anthony,carmelo anthony
marcus banks,marcus banks
leandro barbosa,leandro barbosa
jerome beasley,jerome beasley
troy bell,troy bell
steve blake,steve blake
keith bogans,keith bogans
curtis borchardt,curtis borchardt
chris bosh,chris bosh
devin brown,devin brown
zarko cabarkapa,zarko cabarkapa
brian cook,brian cook
marquis daniels,marquis daniels
boris diaw,boris diaw
kaniel dickens,kaniel dickens
ndudi ebi,ndudi ebi
francisco elson,francisco elson
t.j. ford,t.j. ford
richie frahm,richie frahm
reece gaines,reece gaines
alex garcia,alex garcia
drew gooden,drew gooden
paul grant,paul grant
willie green,willie green
ben handlogten,ben handlogten
travis hansen,travis hansen
udonis haslem,udonis haslem
jarvis hayes,jarvis hayes
kirk hinrich,kirk hinrich
josh howard,josh howard
ryan humphrey,ryan humphrey
brandon hunter,brandon hunter
lebron james,lebron james
britton johnsen,britton johnsen
linton johnson,linton johnson
dahntay jones,dahntay jones
james jones,james jones
chris kaman,chris kaman
jason kapono,jason kapono
kyle korver,kyle korver
raul lopez,raul lopez
keith mcleod,keith mcleod
darko milicic,darko milicic
ronald murray,ronald murray
travis outlaw,travis outlaw
zaza pachulia,zaza pachulia
sasha pavlovic,sasha pavlovic
kirk penney,kirk penney
kendrick perkins,kendrick perkins
mickael pietrus,mickael pietrus
zoran planinic,zoran planinic
luke ridnour,luke ridnour
theron smith,theron smith
darius songaila,darius songaila
mike sweetney,mike sweetney
dwyane wade,dwyane wade
luke walton,luke walton
david west,david west
mike wilks,mike wilks
mo williams,mo williams
tony allen,tony allen
rafael araujo,rafael araujo
trevor ariza,trevor ariza
matt barnes,matt barnes
andris biedrins,andris biedrins
tony bobbitt,tony bobbitt
matt bonner,matt bonner
antonio burks,antonio burks
geno carlisle,geno carlisle
lionel chalmers,lionel chalmers
josh childress,josh childress
nick collison,nick collison
erik daniels,erik daniels
josh davis,josh davis
carlos delfino,carlos delfino
luol deng,luol deng
chris duhon,chris duhon
ronald dupree,ronald dupree
corsley edwards,corsley edwards
john edwards,john edwards
andre emmett,andre emmett
matt freije,matt freije
eddie gill,eddie gill
gordan giricek,gordan giricek
ben gordon,ben gordon
devin harris,devin harris
david harrison,david harrison
dwight howard,dwight howard
kris humphries,kris humphries
andre iguodala,andre iguodala
didier ilunga-mbenga,didier ilunga-mbenga
royal ivey,royal ivey
luke jackson,luke jackson
al jefferson,al jefferson
horace jenkins,horace jenkins
mario kasun,mario kasun
viktor khryapa,viktor khryapa
nenad krstic,nenad krstic
ibo kutluay,ibo kutluay
shaun livingston,shaun livingston
kevin martin,kevin martin
jameer nelson,jameer nelson
andres nocioni,andres nocioni
emeka okafor,emeka okafor
pavel podkolzin,pavel podkolzin
peter john ramos,peter john ramos
justin reed,justin reed
jared reiner,jared reiner
bernard robinson,bernard robinson
quinton ross,quinton ross
donta smith,donta smith
j.r. smith,j.r. smith
josh smith,josh smith
kirk snyder,kirk snyder
pape sow,pape sow
awvee storey,awvee storey
robert swift,robert swift
yuta tabuse,yuta tabuse
sebastian telfair,sebastian telfair
beno udrih,beno udrih
anderson varejao,anderson varejao
sasha vujacic,sasha vujacic
delonte west,delonte west
damien wilkins,damien wilkins
dorell wright,dorell wright
alex acker,alex acker
alan anderson,alan anderson
martynas andriuskevicius,martynas andriuskevicius
earl barron,earl barron
eddie basden,eddie basden
brandon bass,brandon bass
esteban batista,esteban batista
charlie bell,charlie bell
andray blatche,andray blatche
andrew bogut,andrew bogut
kevin burleson,kevin burleson
jackie butler,jackie butler
andrew bynum,andrew bynum
jose calderon,jose calderon
matt carroll,matt carroll
travis diener,travis diener
ike diogu,ike diogu
monta ellis,monta ellis
daniel ewing,daniel ewing
raymond felton,raymond felton
gerald fitch,gerald fitch
sharrod ford,sharrod ford
channing frye,channing frye
deng gai,deng gai
francisco garcia,francisco garcia
ryan gomes,ryan gomes
joey graham,joey graham
danny granger,danny granger
devin green,devin green
gerald green,gerald green
orien greene,orien greene
luther head,luther head
julius hodge,julius hodge
randy holcomb,randy holcomb
jarrett jack,jarrett jack
sarunas jasikevicius,sarunas jasikevicius
amir johnson,amir johnson
linas kleiza,linas kleiza
yaroslav korolev,yaroslav korolev
david lee,david lee
arvydas macijauskas,arvydas macijauskas
rawle marshall,rawle marshall
jason maxiell,jason maxiell
sean may,sean may
rashad mccants,rashad mccants
aaron miles,aaron miles
c.j. miles,c.j. miles
boniface n'dong,boniface n'dong
fabricio oberto,fabricio oberto
andre owens,andre owens
chris paul,chris paul
johan petro,johan petro
josh powell,josh powell
ronnie price,ronnie price
shavlik randolph,shavlik randolph
anthony roberson,anthony roberson
lawrence roberts,lawrence roberts
nate robinson,nate robinson
melvin sanders,melvin sanders
alex scales,alex scales
ha seung-jin,ha seung-jin
wayne simien,wayne simien
james singleton,james singleton
salim stoudamire,salim stoudamire
chris taft,chris taft
donell taylor,donell taylor
dijon thompson,dijon thompson
charlie villanueva,charlie villanueva
jackson vroman,jackson vroman
von wafer,von wafer
matt walsh,matt walsh
hakim warrick,hakim warrick
martell webster,martell webster
robert whaley,robert whaley
deron williams,deron williams
marvin williams,marvin williams
antoine wright,antoine wright
bracey wright,bracey wright
hassan adams,hassan adams
maurice ager,maurice ager
lamarcus aldridge,lamarcus aldridge
hilton armstrong,hilton armstrong
james augustine,james augustine
kelenna azubuike,kelenna azubuike
renaldo balkman,renaldo balkman
andrea bargnani,andrea bargnani
andre barrett,andre barrett
maceo baston,maceo baston
will blalock,will blalock
josh boone,josh boone
cedric bozeman,cedric bozeman
ronnie brewer,ronnie brewer
andre brown,andre brown
shannon brown,shannon brown
rodney carney,rodney carney
mardy collins,mardy collins
paul davis,paul davis
yakhouba diawara,yakhouba diawara
quincy douby,quincy douby
jordan farmar,jordan farmar
desmon farmer,desmon farmer
randy foye,randy foye
jorge garbajosa,jorge garbajosa
rudy gay,rudy gay
mickael gelabale,mickael gelabale
daniel gibson,daniel gibson
andreas glyniadakis,andreas glyniadakis
stephen graham,stephen graham
lynn greer,lynn greer
mike hall,mike hall
chuck hayes,chuck hayes
walter herrmann,walter herrmann
robert hite,robert hite
ryan hollins,ryan hollins
mile ilic,mile ilic
ersan ilyasova,ersan ilyasova
alexander johnson,alexander johnson
bobby jones,bobby jones
dwayne jones,dwayne jones
solomon jones,solomon jones
tarence kinsey,tarence kinsey
james lang,james lang
kyle lowry,kyle lowry
renaldo major,renaldo major
damir markota,damir markota
chris mccray,chris mccray
pops mensah-bonsu,pops mensah-bonsu
paul millsap,paul millsap
adam morrison,adam morrison
david noel,david noel
steve novak,steve novak
patrick o'bryant,patrick o'bryant
leon powe,leon powe
roger powell,roger powell
chris quinn,chris quinn
allan ray,allan ray
j.j. redick,j.j. redick
sergio rodriguez,sergio rodriguez
rajon rondo,rajon rondo
brandon roy,brandon roy
thabo sefolosha,thabo sefolosha
mouhamed sene,mouhamed sene
cedric simmons,cedric simmons
uros slokar,uros slokar
craig smith,craig smith
steven smith,steven smith
vassilis spanoulis,vassilis spanoulis
tyrus thomas,tyrus thomas
p.j. tucker,p.j. tucker
ronny turiaf,ronny turiaf
ime udoka,ime udoka
marcus vinicius,marcus vinicius
james white,james white
justin williams,justin williams
marcus williams,marcus williams
shawne williams,shawne williams
shelden williams,shelden williams
arron afflalo,arron afflalo
morris almond,morris almond
joel anthony,joel anthony
marco belinelli,marco belinelli
corey brewer,corey brewer
aaron brooks,aaron brooks
wilson chandler,wilson chandler
mike conley,mike conley
daequan cook,daequan cook
jermareo davidson,jermareo davidson
glen davis,glen davis
guillermo diaz,guillermo diaz
jared dudley,jared dudley
kevin durant,kevin durant
kyrylo fesenko,kyrylo fesenko
thomas gardner,thomas gardner
marcin gortat,marcin gortat
aaron gray,aaron gray
jeff green,jeff green
spencer hawes,spencer hawes
al horford,al horford
yi jianlian,yi jianlian
coby karl,coby karl
carl landry,carl landry
keith langford,keith langford
acie law,acie law
ian mahinmi,ian mahinmi
dominic mcguire,dominic mcguire
josh mcroberts,josh mcroberts
jamario moon,jamario moon
randolph morris,randolph morris
juan carlos navarro,juan carlos navarro
joakim noah,joakim noah
oleksiy pecherov,oleksiy pecherov
kosta perovic,kosta perovic
gabe pruitt,gabe pruitt
chris richard,chris richard
cheikh samb,cheikh samb
luis scola,luis scola
ramon sessions,ramon sessions
courtney sims,courtney sims
jason smith,jason smith
d.j. strawberry,d.j. strawberry
rodney stuckey,rodney stuckey
al thornton,al thornton
alando tucker,alando tucker
darius washington,darius washington
darryl watkins,darryl watkins
c.j. watson,c.j. watson
mario west,mario west
sean williams,sean williams
brandan wright,brandan wright
julian wright,julian wright
nick young,nick young
thaddeus young,thaddeus young
blake ahearn,blake ahearn
alexis ajinca,alexis ajinca
joe alexander,joe alexander
ryan anderson,ryan anderson
darrell arthur,darrell arthur
d.j. augustin,d.j. augustin
nicolas batum,nicolas batum
jerryd bayless,jerryd bayless
michael beasley,michael beasley
will bynum,will bynum
mario chalmers,mario chalmers
joey dorsey,joey dorsey
chris douglas-roberts,chris douglas-roberts
goran dragic,goran dragic
rudy fernandez,rudy fernandez
danilo gallinari,danilo gallinari
marc gasol,marc gasol
j.r. giddens,j.r. giddens
eric gordon,eric gordon
donte greene,donte greene
hamed haddadi,hamed haddadi
malik hairston,malik hairston
roy hibbert,roy hibbert
j.j. hickson,j.j. hickson
george hill,george hill
steven hill,steven hill
othello hunter,othello hunter
darnell jackson,darnell jackson
nathan jawai,nathan jawai
trey johnson,trey johnson
deandre jordan,deandre jordan
kosta koufos,kosta koufos
rob kurz,rob kurz
courtney lee,courtney lee
brook lopez,brook lopez
robin lopez,robin lopez
kevin love,kevin love
cartier martin,cartier martin
o.j. mayo,o.j. mayo
luc mbah a moute,luc mbah a moute
javale mcgee,javale mcgee
anthony morrow,anthony morrow
demarcus nelson,demarcus nelson
greg oden,greg oden
anthony randolph,anthony randolph
jeremy richardson,jeremy richardson
derrick rose,derrick rose
brandon rush,brandon rush
walter sharpe,walter sharpe
marreese speights,marreese speights
mike taylor,mike taylor
jason thompson,jason thompson
anthony tolliver,anthony tolliver
roko ukic,roko ukic
kyle weaver,kyle weaver
sonny weems,sonny weems
russell westbrook,russell westbrook
d.j. white,d.j. white
jawad williams,jawad williams
sun yue,sun yue
david andersen,david andersen
rodrigue beaubois,rodrigue beaubois
dejuan blair,dejuan blair
jon brockman,jon brockman
derrick brown,derrick brown
chase budinger,chase budinger
demarre carroll,demarre carroll
omri casspi,omri casspi
earl clark,earl clark
darren collison,darren collison
will conroy,will conroy
dante cunningham,dante cunningham
jameson curry,jameson curry
stephen curry,stephen curry
austin daye,austin daye
demar derozan,demar derozan
toney douglas,toney douglas
wayne ellington,wayne ellington
tyreke evans,tyreke evans
jonny flynn,jonny flynn
sundiata gaines,sundiata gaines
taj gibson,taj gibson
trey gilder,trey gilder
danny green,danny green
taylor griffin,taylor griffin
tyler hansbrough,tyler hansbrough
james harden,james harden
jrue holiday,jrue holiday
chris hunter,chris hunter
serge ibaka,serge ibaka
brandon jennings,brandon jennings
jonas jerebko,jonas jerebko
james johnson,james johnson
ty lawson,ty lawson
wesley matthews,wesley matthews
byron mullens,byron mullens
a.j. price,a.j. price
dajuan summers,dajuan summers
jermaine taylor,jermaine taylor
jeff teague,jeff teague
hasheem thabeet,hasheem thabeet
marcus thornton,marcus thornton
terrence williams,terrence williams
sam young,sam young
jeff adrien,jeff adrien
solomon alabi,solomon alabi
cole aldrich,cole aldrich
al-farouq aminu,al-farouq aminu
james anderson,james anderson
omer asik,omer asik
luke babbitt,luke babbitt
eric bledsoe,eric bledsoe
trevor booker,trevor booker
craig brackins,craig brackins
avery bradley,avery bradley
derrick caracter,derrick caracter
sherron collins,sherron collins
demarcus cousins,demarcus cousins
ed davis,ed davis
zabian dowdell,zabian dowdell
devin ebanks,devin ebanks
jeremy evans,jeremy evans
christian eyenga,christian eyenga
landry fields,landry fields
gary forbes,gary forbes
paul george,paul george
blake griffin,blake griffin
manny harris,manny harris
gordon hayward,gordon hayward
lazar hayward,lazar hayward
xavier henry,xavier henry
jordan hill,jordan hill
lester hudson,lester hudson
damion james,damion james
eugene jeter,eugene jeter
armon johnson,armon johnson
wesley johnson,wesley johnson
dominique jones,dominique jones
gani lawal,gani lawal
jeremy lin,jeremy lin
eric maynor,eric maynor
jodie meeks,jodie meeks
greg monroe,greg monroe
hamady n'diaye,hamady n'diaye
gary neal,gary neal
patrick patterson,patrick patterson
nikola pekovic,nikola pekovic
dexter pittman,dexter pittman
quincy pondexter,quincy pondexter
andy rautins,andy rautins
samardo samuels,samardo samuels
larry sanders,larry sanders
kevin seraphin,kevin seraphin
mustafa shakur,mustafa shakur
garret siler,garret siler
tiago splitter,tiago splitter
lance stephenson,lance stephenson
pape sy,pape sy
evan turner,evan turner
ekpe udoh,ekpe udoh
ben uzoh,ben uzoh
greivis vasquez,greivis vasquez
john wall,john wall
willie warren,willie warren
hassan whiteside,hassan whiteside
lavoy allen,lavoy allen
gustavo ayon,gustavo ayon
bismack biyombo,bismack biyombo
marshon brooks,marshon brooks
alec burks,alec burks
jimmy butler,jimmy butler
norris cole,norris cole
jordan crawford,jordan crawford
eric dawson,eric dawson
semih erden,semih erden
kenneth faried,kenneth faried
derrick favors,derrick favors
jeff foote,jeff foote
jimmer fredette,jimmer fredette
alonzo gee,alonzo gee
andrew goudelock,andrew goudelock
jordan hamilton,jordan hamilton
luke harangody,luke harangody
justin harper,justin harper
josh harrellson,josh harrellson
terrel harris,terrel harris
tobias harris,tobias harris
cory higgins,cory higgins
darington hobson,darington hobson
tyler honeycutt,tyler honeycutt
dennis horner,dennis horner
kyrie irving,kyrie irving
reggie jackson,reggie jackson
charles jenkins,charles jenkins
carldell johnson,carldell johnson
ivan johnson,ivan johnson
jajuan johnson,jajuan johnson
jerome jordan,jerome jordan
cory joseph,cory joseph
enes kanter,enes kanter
brandon knight,brandon knight
malcolm lee,malcolm lee
kawhi leonard,kawhi leonard
travis leslie,travis leslie
jon leuer,jon leuer
deandre liggins,deandre liggins
shelvin mack,shelvin mack
vernon macklin,vernon macklin
e'twaun moore,e'twaun moore
darius morris,darius morris
marcus morris,marcus morris
markieff morris,markieff morris
timofey mozgov,timofey mozgov
daniel orton,daniel orton
larry owens,larry owens
jeremy pargo,jeremy pargo
chandler parsons,chandler parsons
ryan reid,ryan reid
ricky rubio,ricky rubio
walker russell,walker russell
josh selby,josh selby
iman shumpert,iman shumpert
chris singleton,chris singleton
greg smith,greg smith
nolan smith,nolan smith
greg stiemsma,greg stiemsma
julyan stone,julyan stone
isaiah thomas,isaiah thomas
lance thomas,lance thomas
malcolm thomas,malcolm thomas
trey thompkins,trey thompkins
klay thompson,klay thompson
mychel thompson,mychel thompson
tristan thompson,tristan thompson
jeremy tyler,jeremy tyler
jan vesely,jan vesely
nikola vucevic,nikola vucevic
kemba walker,kemba walker
derrick williams,derrick williams
elliot williams,elliot williams
jordan williams,jordan williams
chris wright,chris wright
quincy acy,quincy acy
harrison barnes,harrison barnes
will barton,will barton
aron baynes,aron baynes
kent bazemore,kent bazemore
bradley beal,bradley beal
patrick beverley,patrick beverley
victor claver,victor claver
chris copeland,chris copeland
jae crowder,jae crowder
jared cunningham,jared cunningham
anthony davis,anthony davis
nando de colo,nando de colo
andre drummond,andre drummond
kim english,kim english
festus ezeli,festus ezeli
evan fournier,evan fournier
joel freeland,joel freeland
diante garrett,diante garrett
draymond green,draymond green
ben hansbrough,ben hansbrough
maurice harkless,maurice harkless
john henson,john henson
bernard james,bernard james
john jenkins,john jenkins
orlando johnson,orlando johnson
darius johnson-odom,darius johnson-odom
dequan jones,dequan jones
kevin jones,kevin jones
perry jones,perry jones
terrence jones,terrence jones
michael kidd-gilchrist,michael kidd-gilchrist
jeremy lamb,jeremy lamb
meyers leonard,meyers leonard
damian lillard,damian lillard
scott machado,scott machado
kendall marshall,kendall marshall
fab melo,fab melo
khris middleton,khris middleton
darius miller,darius miller
quincy miller,quincy miller
donatas motiejunas,donatas motiejunas
arnett moultrie,arnett moultrie
kevin murphy,kevin murphy
andrew nicholson,andrew nicholson
kyle o'quinn,kyle o'quinn
tim ohlbrecht,tim ohlbrecht
miles plumlee,miles plumlee
pablo prigioni,pablo prigioni
austin rivers,austin rivers
brian roberts,brian roberts
terrence ross,terrence ross
robert sacre,robert sacre
mike scott,mike scott
tornike shengelia,tornike shengelia
alexey shved,alexey shved
kyle singler,kyle singler
jared sullinger,jared sullinger
tyshawn taylor,tyshawn taylor
marquis teague,marquis teague
mirza teletovic,mirza teletovic
garrett temple,garrett temple
jonas valanciunas,jonas valanciunas
dion waiters,dion waiters
tony wroten,tony wroten
luke zeller,luke zeller
tyler zeller,tyler zeller
steven adams,steven adams
giannis antetokounmpo,giannis antetokounmpo
jeff ayres,jeff ayres
anthony bennett,anthony bennett
reggie bullock,reggie bullock
trey burke,trey burke
kentavious caldwell-pope,kentavious caldwell-pope
michael carter-williams,michael carter-williams
gorgui dieng,gorgui dieng
rudy gobert,rudy gobert
archie goodwin,archie goodwin
solomon hill,solomon hill
sergey karasev,sergey karasev
doron lamb,doron lamb
shane larkin,shane larkin
alex len,alex len
c.j. mccollum,c.j. mccollum
ben mclemore,ben mclemore
shabazz muhammad,shabazz muhammad
nemanja nedovic,nemanja nedovic
victor oladipo,victor oladipo
kelly olynyk,kelly olynyk
mason plumlee,mason plumlee
otto porter,otto porter
andre roberson,andre roberson
thomas robinson,thomas robinson
donald sloan,donald sloan
tony snell,tony snell
cody zeller,cody zeller
jordan adams,jordan adams
furkan aldemir,furkan aldemir
kyle anderson,kyle anderson
pero antic,pero antic
cameron bairstow,cameron bairstow
jerrelle benimon,jerrelle benimon
sim bhullar,sim bhullar
bojan bogdanovic,bojan bogdanovic
jabari brown,jabari brown
lorenzo brown,lorenzo brown
markel brown,markel brown
dwight buycks,dwight buycks
bruno caboclo,bruno caboclo
nick calathes,nick calathes
clint capela,clint capela
jordan clarkson,jordan clarkson
jack cooley,jack cooley
bryce cotton,bryce cotton
robert covington,robert covington
allen crabbe,allen crabbe
seth curry,seth curry
dewayne dedmon,dewayne dedmon
matthew dellavedova,matthew dellavedova
spencer dinwiddie,spencer dinwiddie
cleanthony early,cleanthony early
james ennis,james ennis
dante exum,dante exum
jamaal franklin,jamaal franklin
langston galloway,langston galloway
aaron gordon,aaron gordon
drew gordon,drew gordon
jerami grant,jerami grant
erick green,erick green
p.j. hairston,p.j. hairston
gary harris,gary harris
joe harris,joe harris
nene hilario,nene hilario
justin holiday,justin holiday
rodney hood,rodney hood
robbie hummel,robbie hummel
joe ingles,joe ingles
cory jefferson,cory jefferson
nick johnson,nick johnson
tyler johnson,tyler johnson
ryan kelly,ryan kelly
sean kilpatrick,sean kilpatrick
ognjen kuzmic,ognjen kuzmic
joffrey lauvergne,joffrey lauvergne
zach lavine,zach lavine
devyn marble,devyn marble
james michael mcadoo,james michael mcadoo
ray mccallum,ray mccallum
doug mcdermott,doug mcdermott
mitch mcgary,mitch mcgary
jerel mcneal,jerel mcneal
gal mekel,gal mekel
elijah millsap,elijah millsap
nikola mirotic,nikola mirotic
eric moreland,eric moreland
mike muscala,mike muscala
shabazz napier,shabazz napier
nerlens noel,nerlens noel
lucas nogueira,lucas nogueira
jusuf nurkic,jusuf nurkic
johnny o'bryant,johnny o'bryant
arinze onuaku,arinze onuaku
kostas papanikolaou,kostas papanikolaou
jabari parker,jabari parker
elfrid payton,elfrid payton
phil pressey,phil pressey
miroslav raduljica,miroslav raduljica
julius randle,julius randle
damjan rudez,damjan rudez
jakarr sampson,jakarr sampson
dennis schroder,dennis schroder
henry sims,henry sims
marcus smart,marcus smart
nik stauskas,nik stauskas
david stockton,david stockton
jarnell stokes,jarnell stokes
jeffery taylor,jeffery taylor
hollis thompson,hollis thompson
noah vonleh,noah vonleh
henry walker,henry walker
t.j. warren,t.j. warren
david wear,david wear
travis wear,travis wear
shayne whittington,shayne whittington
andrew wiggins,andrew wiggins
c.j. wilcox,c.j. wilcox
lou williams,lou williams
jeff withey,jeff withey
james young,james young
cliff alexander,cliff alexander
lou amundson,lou amundson
justin anderson,justin anderson
thanasis antetokounmpo,thanasis antetokounmpo
keith appling,keith appling
j.j. barea,j.j. barea
nemanja bjelica,nemanja bjelica
tarik black,tarik black
devin booker,devin booker
anthony brown,anthony brown
isaiah canaan,isaiah canaan
willie cauley-stein,willie cauley-stein
rakeem christmas,rakeem christmas
ian clark,ian clark
coty clarke,coty clarke
pat connaughton,pat connaughton
troy daniels,troy daniels
branden dawson,branden dawson
bryce dejean-jones,bryce dejean-jones
sam dekker,sam dekker
duje dukan,duje dukan
jarell eddie,jarell eddie
tyler ennis,tyler ennis
cristiano felicio,cristiano felicio
jerian grant,jerian grant
jamychal green,jamychal green
jorge gutierrez,jorge gutierrez
montrezl harrell,montrezl harrell
aaron harrison,aaron harrison
mario hezonja,mario hezonja
darrun hilliard,darrun hilliard
rondae hollis-jefferson,rondae hollis-jefferson
richaun holmes,richaun holmes
marcelo huertas,marcelo huertas
josh huestis,josh huestis
r.j. hunter,r.j. hunter
damien inglis,damien inglis
chris johnson,chris johnson
stanley johnson,stanley johnson
nikola jokic,nikola jokic
tyus jones,tyus jones
frank kaminsky,frank kaminsky
sasha kaun,sasha kaun
kevon looney,kevon looney
trey lyles,trey lyles
boban marjanovic,boban marjanovic
jarell martin,jarell martin
t.j. mcconnell,t.j. mcconnell
chris mccullough,chris mccullough
k.j. mcdaniels,k.j. mcdaniels
salah mejri,salah mejri
jordan mickey,jordan mickey
luis montero,luis montero
emmanuel mudiay,emmanuel mudiay
xavier munford,xavier munford
larry nance jr.,larry nance jr.
raul neto,raul neto
j.j. o'brien,j.j. o'brien
jahlil okafor,jahlil okafor
kelly oubre,kelly oubre
lamar patterson,lamar patterson
adreian payne,adreian payne
cameron payne,cameron payne
tibor pleiss,tibor pleiss
bobby portis,bobby portis
kristaps porzingis,kristaps porzingis
dwight powell,dwight powell
norman powell,norman powell
willie reed,willie reed
josh richardson,josh richardson
terry rozier,terry rozier
d'angelo russell,d'angelo russell
jonathon simmons,jonathon simmons
russ smith,russ smith
axel toupane,axel toupane
karl-anthony towns,karl-anthony towns
myles turner,myles turner
rashad vaughn,rashad vaughn
alan williams,alan williams
justise winslow,justise winslow
christian wood,christian wood
delon wright,delon wright
alex abrines,alex abrines
ron baker,ron baker
wade baldwin,wade baldwin
malik beasley,malik beasley
deandre' bembry,deandre' bembry
dragan bender,dragan bender
ben bentil,ben bentil
davis bertans,davis bertans
joel bolomboy,joel bolomboy
malcolm brogdon,malcolm brogdon
jaylen brown,jaylen brown
nicolas brussino,nicolas brussino
marquese chriss,marquese chriss
semaj christon,semaj christon
deyonta davis,deyonta davis
malcolm delaney,malcolm delaney
cheick diallo,cheick diallo
kris dunn,kris dunn
henry ellenson,henry ellenson
joel embiid,joel embiid
kay felder,kay felder
dorian finney-smith,dorian finney-smith
bryn forbes,bryn forbes
tim frazier,tim frazier
patricio garino,patricio garino
michael gbinije,michael gbinije
marcus georges-hunt,marcus georges-hunt
treveon graham,treveon graham
justin hamilton,justin hamilton
a.j. hammons,a.j. hammons
andrew harrison,andrew harrison
juan hernangomez,juan hernangomez
willy hernangomez,willy hernangomez
danuel house,danuel house
brandon ingram,brandon ingram
demetrius jackson,demetrius jackson
brice johnson,brice johnson
damian jones,damian jones
derrick jones,derrick jones
mindaugas kuzminskas,mindaugas kuzminskas
skal labissiere,skal labissiere
nicolas laprovittola,nicolas laprovittola
jake layman,jake layman
caris levert,caris levert
john lucas iii,john lucas iii
timothe luwawu-cabarrot,timothe luwawu-cabarrot
thon maker,thon maker
patrick mccaw,patrick mccaw
sheldon mcclellan,sheldon mcclellan
rodney mcgruder,rodney mcgruder
jordan mcrae,jordan mcrae
patty mills,patty mills
dejounte murray,dejounte murray
jamal murray,jamal murray
maurice ndour,maurice ndour
georges niang,georges niang
daniel ochefu,daniel ochefu
chinanu onuaku,chinanu onuaku
georgios papagiannis,georgios papagiannis
marshall plumlee,marshall plumlee
jakob poeltl,jakob poeltl
tim quarterman,tim quarterman
malachi richardson,malachi richardson
domantas sabonis,domantas sabonis
dario saric,dario saric
tomas satoransky,tomas satoransky
pascal siakam,pascal siakam
ish smith,ish smith
diamond stone,diamond stone
tyler ulis,tyler ulis
denzel valentine,denzel valentine
fred vanvleet,fred vanvleet
taurean waller-prince,taurean waller-prince
isaiah whitehead,isaiah whitehead
kyle wiltjer,kyle wiltjer
joe young,joe young
stephen zimmerman,stephen zimmerman
paul zipser,paul zipser
ivica zubac,ivica zubac